{"base_lr": 3.555600000000001e-05, "lr": 3.555600000000001e-05, "data_time": 0.041970014572143555, "loss": 2.6565542697906492, "loss_cls": 1.948537492752075, "loss_bbox": 0.7080167651176452, "time": 0.4601259708404541, "epoch": 1, "iter": 5, "memory": 1416, "step": 5}
{"base_lr": 8.000000000000005e-05, "lr": 8.000000000000005e-05, "data_time": 0.02221949100494385, "loss": 2.674110007286072, "loss_cls": 1.9762545466423034, "loss_bbox": 0.6978554427623749, "time": 0.27603673934936523, "epoch": 1, "iter": 10, "memory": 1416, "step": 10}
{"coco/bbox_mAP": 0.036, "coco/bbox_mAP_50": 0.049, "coco/bbox_mAP_75": 0.048, "coco/bbox_mAP_s": -1.0, "coco/bbox_mAP_m": 0.046, "coco/bbox_mAP_l": 0.02, "data_time": 0.14044960339864096, "time": 0.21831623713175455, "step": 1}
{"base_lr": 8.000000000000005e-05, "lr": 8.000000000000005e-05, "data_time": 0.022318139672279358, "loss": 2.6842180639505386, "loss_cls": 1.9977626129984856, "loss_bbox": 0.6864554323256016, "time": 0.2174413949251175, "epoch": 2, "iter": 16, "memory": 1416, "step": 16}
{"base_lr": 8.000000000000005e-05, "lr": 8.000000000000005e-05, "data_time": 0.01736662501380557, "loss": 2.6827608744303384, "loss_cls": 2.0017941338675365, "loss_bbox": 0.680966732047853, "time": 0.18561475617544992, "epoch": 2, "iter": 21, "memory": 1416, "step": 21}
{"coco/bbox_mAP": 0.136, "coco/bbox_mAP_50": 0.213, "coco/bbox_mAP_75": 0.162, "coco/bbox_mAP_s": -1.0, "coco/bbox_mAP_m": 0.174, "coco/bbox_mAP_l": 0.047, "data_time": 0.012776374816894531, "time": 0.06331151723861694, "step": 2}
{"base_lr": 8.000000000000005e-05, "lr": 8.000000000000005e-05, "data_time": 0.018861894254331237, "loss": 2.6953904187237776, "loss_cls": 2.0274468351293495, "loss_bbox": 0.6679435747641104, "time": 0.17074780110959653, "epoch": 3, "iter": 27, "memory": 1416, "step": 27}
{"base_lr": 8.000000000000005e-05, "lr": 8.000000000000005e-05, "data_time": 0.016176491975784302, "loss": 2.693880133330822, "loss_cls": 2.0315208323299885, "loss_bbox": 0.6623592991381884, "time": 0.1569727212190628, "epoch": 3, "iter": 32, "memory": 1416, "step": 32}
{"coco/bbox_mAP": 0.241, "coco/bbox_mAP_50": 0.328, "coco/bbox_mAP_75": 0.31, "coco/bbox_mAP_s": -1.0, "coco/bbox_mAP_m": 0.238, "coco/bbox_mAP_l": 0.197, "data_time": 0.010770320892333984, "time": 0.045381009578704834, "step": 3}
{"base_lr": 8.000000000000005e-05, "lr": 8.000000000000005e-05, "data_time": 0.017576305489791066, "loss": 2.6982818904675936, "loss_cls": 2.0459962110770378, "loss_bbox": 0.6522856809590992, "time": 0.15133139334226908, "epoch": 4, "iter": 38, "memory": 1416, "step": 38}
{"base_lr": 8.000000000000005e-05, "lr": 8.000000000000005e-05, "data_time": 0.015735448792923327, "loss": 2.697547014369521, "loss_cls": 2.0538974667704384, "loss_bbox": 0.6436495406683101, "time": 0.14398188369218692, "epoch": 4, "iter": 43, "memory": 1416, "step": 43}
{"coco/bbox_mAP": 0.266, "coco/bbox_mAP_50": 0.367, "coco/bbox_mAP_75": 0.318, "coco/bbox_mAP_s": -1.0, "coco/bbox_mAP_m": 0.265, "coco/bbox_mAP_l": 0.241, "data_time": 0.0108412504196167, "time": 0.04690837860107422, "step": 4}
{"base_lr": 8.000000000000005e-05, "lr": 8.000000000000005e-05, "data_time": 0.016960523566421196, "loss": 2.685741424560547, "loss_cls": 2.0481915181996873, "loss_bbox": 0.6375499051444384, "time": 0.14081498068206164, "epoch": 5, "iter": 49, "memory": 1416, "step": 49}
{"base_lr": 8.000000000000005e-05, "lr": 8.000000000000005e-05, "data_time": 0.012641410827636718, "loss": 2.673866910934448, "loss_cls": 2.0515059089660643, "loss_bbox": 0.6223609972000123, "time": 0.11425972938537597, "epoch": 5, "iter": 54, "memory": 1416, "step": 54}
{"coco/bbox_mAP": 0.332, "coco/bbox_mAP_50": 0.435, "coco/bbox_mAP_75": 0.402, "coco/bbox_mAP_s": -1.0, "coco/bbox_mAP_m": 0.269, "coco/bbox_mAP_l": 0.338, "data_time": 0.01167064905166626, "time": 0.21069782972335815, "step": 5}
{"base_lr": 8.000000000000005e-05, "lr": 8.000000000000005e-05, "data_time": 0.06057013988494873, "loss": 2.649306287765503, "loss_cls": 2.0463976407051088, "loss_bbox": 0.6029086422920227, "time": 0.1773329782485962, "epoch": 6, "iter": 60, "memory": 1416, "step": 60}
{"base_lr": 8.000000000000005e-05, "lr": 8.000000000000005e-05, "data_time": 0.05806694984436035, "loss": 2.6179981994628907, "loss_cls": 2.0306877636909486, "loss_bbox": 0.5873104333877563, "time": 0.1740643835067749, "epoch": 6, "iter": 65, "memory": 1416, "step": 65}
{"coco/bbox_mAP": 0.408, "coco/bbox_mAP_50": 0.53, "coco/bbox_mAP_75": 0.489, "coco/bbox_mAP_s": -1.0, "coco/bbox_mAP_m": 0.277, "coco/bbox_mAP_l": 0.477, "data_time": 0.011210739612579346, "time": 0.07530194520950317, "step": 6}
{"base_lr": 8.000000000000005e-05, "lr": 8.000000000000005e-05, "data_time": 0.060575885772705076, "loss": 2.568720302581787, "loss_cls": 1.9983943319320678, "loss_bbox": 0.5703259599208832, "time": 0.17753424167633056, "epoch": 7, "iter": 71, "memory": 1416, "step": 71}
{"base_lr": 8.000000000000005e-05, "lr": 8.000000000000005e-05, "data_time": 0.05786242485046387, "loss": 2.5219195175170896, "loss_cls": 1.9656883811950683, "loss_bbox": 0.5562311244010926, "time": 0.17476846218109132, "epoch": 7, "iter": 76, "memory": 1416, "step": 76}
{"coco/bbox_mAP": 0.438, "coco/bbox_mAP_50": 0.558, "coco/bbox_mAP_75": 0.492, "coco/bbox_mAP_s": -1.0, "coco/bbox_mAP_m": 0.285, "coco/bbox_mAP_l": 0.54, "data_time": 0.010957837104797363, "time": 0.048765599727630615, "step": 7}
{"base_lr": 8.000000000000005e-05, "lr": 8.000000000000005e-05, "data_time": 0.0602601146697998, "loss": 2.4451063513755797, "loss_cls": 1.9074289608001709, "loss_bbox": 0.5376773732900619, "time": 0.17800288677215576, "epoch": 8, "iter": 82, "memory": 1416, "step": 82}
{"base_lr": 8.000000000000005e-05, "lr": 8.000000000000005e-05, "data_time": 0.057456316947937014, "loss": 2.3765316367149354, "loss_cls": 1.852994191646576, "loss_bbox": 0.5235374283790588, "time": 0.17502274990081787, "epoch": 8, "iter": 87, "memory": 1416, "step": 87}
{"coco/bbox_mAP": 0.425, "coco/bbox_mAP_50": 0.551, "coco/bbox_mAP_75": 0.459, "coco/bbox_mAP_s": -1.0, "coco/bbox_mAP_m": 0.266, "coco/bbox_mAP_l": 0.547, "data_time": 0.013387322425842285, "time": 0.05577564239501953, "step": 8}
{"base_lr": 8.000000000000005e-05, "lr": 8.000000000000005e-05, "data_time": 0.05980984210968018, "loss": 2.284977602958679, "loss_cls": 1.774676125049591, "loss_bbox": 0.5103014659881592, "time": 0.1779004955291748, "epoch": 9, "iter": 93, "memory": 1416, "step": 93}
{"base_lr": 8.000000000000005e-05, "lr": 8.000000000000005e-05, "data_time": 0.056914849281311033, "loss": 2.2025645995140075, "loss_cls": 1.7077582335472108, "loss_bbox": 0.49480634808540347, "time": 0.17409594535827635, "epoch": 9, "iter": 98, "memory": 1416, "step": 98}
{"coco/bbox_mAP": 0.423, "coco/bbox_mAP_50": 0.551, "coco/bbox_mAP_75": 0.498, "coco/bbox_mAP_s": -1.0, "coco/bbox_mAP_m": 0.258, "coco/bbox_mAP_l": 0.553, "data_time": 0.009668588638305664, "time": 0.049280762672424316, "step": 9}
{"base_lr": 8.000000000000005e-05, "lr": 8.000000000000005e-05, "data_time": 0.05989439487457275, "loss": 2.1009039306640624, "loss_cls": 1.6231040835380555, "loss_bbox": 0.4777998322248459, "time": 0.16717805862426757, "epoch": 10, "iter": 104, "memory": 1416, "step": 104}
{"base_lr": 8.000000000000005e-05, "lr": 8.000000000000005e-05, "data_time": 0.011828770637512207, "loss": 2.026359260082245, "loss_cls": 1.5596343207359313, "loss_bbox": 0.46672492563724516, "time": 0.10338471412658691, "epoch": 10, "iter": 109, "memory": 1416, "step": 109}
{"coco/bbox_mAP": 0.448, "coco/bbox_mAP_50": 0.575, "coco/bbox_mAP_75": 0.502, "coco/bbox_mAP_s": -1.0, "coco/bbox_mAP_m": 0.263, "coco/bbox_mAP_l": 0.611, "data_time": 0.01179349422454834, "time": 0.2049427628517151, "step": 10}
{"base_lr": 7.975230594324495e-05, "lr": 7.975230594324495e-05, "data_time": 0.05803151130676269, "loss": 1.9255070734024047, "loss_cls": 1.472448546886444, "loss_bbox": 0.4530585128068924, "time": 0.15011778831481934, "epoch": 11, "iter": 115,