{"base_lr": 3.555600000000001e-05, "lr": 3.555600000000001e-05, "data_time": 0.04328341484069824, "loss": 2.6752787113189695, "loss_cls": 1.9535321474075318, "loss_bbox": 0.7217465758323669, "time": 0.34454803466796874, "epoch": 1, "iter": 5, "memory": 1416, "step": 5}
{"base_lr": 8.000000000000005e-05, "lr": 8.000000000000005e-05, "data_time": 0.02300868034362793, "loss": 2.6709022760391234, "loss_cls": 1.9480966567993163, "loss_bbox": 0.7228056132793427, "time": 0.21596953868865967, "epoch": 1, "iter": 10, "memory": 1416, "step": 10}
{"coco/bbox_mAP": 0.002, "coco/bbox_mAP_50": 0.004, "coco/bbox_mAP_75": 0.002, "coco/bbox_mAP_s": -1.0, "coco/bbox_mAP_m": 0.027, "coco/bbox_mAP_l": 0.001, "data_time": 0.09875353177388509, "time": 0.18259406089782715, "step": 1}
{"base_lr": 8.000000000000005e-05, "lr": 8.000000000000005e-05, "data_time": 0.022227048873901367, "loss": 2.684335708618164, "loss_cls": 1.9682114198803902, "loss_bbox": 0.7161242961883545, "time": 0.1795709729194641, "epoch": 2, "iter": 16, "memory": 1416, "step": 16}
{"base_lr": 8.000000000000005e-05, "lr": 8.000000000000005e-05, "data_time": 0.017317079362415132, "loss": 2.6890616643996466, "loss_cls": 1.9796662671225411, "loss_bbox": 0.7093954057920546, "time": 0.15907530557541621, "epoch": 2, "iter": 21, "memory": 1416, "step": 21}
{"coco/bbox_mAP": 0.031, "coco/bbox_mAP_50": 0.049, "coco/bbox_mAP_75": 0.041, "coco/bbox_mAP_s": -1.0, "coco/bbox_mAP_m": 0.098, "coco/bbox_mAP_l": 0.015, "data_time": 0.013585329055786133, "time": 0.06341433525085449, "step": 2}
{"base_lr": 8.000000000000005e-05, "lr": 8.000000000000005e-05, "data_time": 0.01806413685833966, "loss": 2.7048383818732367, "loss_cls": 2.0082646210988364, "loss_bbox": 0.6965737651895594, "time": 0.14820625163890697, "epoch": 3, "iter": 27, "memory": 1416, "step": 27}
{"base_lr": 8.000000000000005e-05, "lr": 8.000000000000005e-05, "data_time": 0.015506617724895477, "loss": 2.7141077667474747, "loss_cls": 2.0254394933581352, "loss_bbox": 0.6886682752519846, "time": 0.13870228826999664, "epoch": 3, "iter": 32, "memory": 1416, "step": 32}
{"coco/bbox_mAP": 0.08, "coco/bbox_mAP_50": 0.121, "coco/bbox_mAP_75": 0.095, "coco/bbox_mAP_s": -1.0, "coco/bbox_mAP_m": 0.109, "coco/bbox_mAP_l": 0.05, "data_time": 0.01196277141571045, "time": 0.05093204975128174, "step": 3}
{"base_lr": 8.000000000000005e-05, "lr": 8.000000000000005e-05, "data_time": 0.01748143999200118, "loss": 2.7241205855419763, "loss_cls": 2.0456483803297343, "loss_bbox": 0.6784722083493283, "time": 0.13677680492401123, "epoch": 4, "iter": 38, "memory": 1416, "step": 38}
{"base_lr": 8.000000000000005e-05, "lr": 8.000000000000005e-05, "data_time": 0.0156343094138212, "loss": 2.735430961431459, "loss_cls": 2.06698005698448, "loss_bbox": 0.6684509030608243, "time": 0.13157748067101768, "epoch": 4, "iter": 43, "memory": 1416, "step": 43}
{"coco/bbox_mAP": 0.102, "coco/bbox_mAP_50": 0.156, "coco/bbox_mAP_75": 0.118, "coco/bbox_mAP_s": -1.0, "coco/bbox_mAP_m": 0.17, "coco/bbox_mAP_l": 0.064, "data_time": 0.012279272079467773, "time": 0.04997575283050537, "step": 4}
{"base_lr": 8.000000000000005e-05, "lr": 8.000000000000005e-05, "data_time": 0.016506102620338907, "loss": 2.740242452037578, "loss_cls": 2.0816137352768256, "loss_bbox": 0.6586287191935948, "time": 0.1298847636398004, "epoch": 5, "iter": 49, "memory": 1416, "step": 49}
{"base_lr": 8.000000000000005e-05, "lr": 8.000000000000005e-05, "data_time": 0.012045087814331055, "loss": 2.7447502851486205, "loss_cls": 2.0990548825263975, "loss_bbox": 0.6456954026222229, "time": 0.1035454511642456, "epoch": 5, "iter": 54, "memory": 1416, "step": 54}
{"coco/bbox_mAP": 0.157, "coco/bbox_mAP_50": 0.237, "coco/bbox_mAP_75": 0.18, "coco/bbox_mAP_s": -1.0, "coco/bbox_mAP_m": 0.248, "coco/bbox_mAP_l": 0.102, "data_time": 0.010808587074279785, "time": 0.04834640026092529, "step": 5}
{"base_lr": 8.000000000000005e-05, "lr": 8.000000000000005e-05, "data_time": 0.01489452362060547, "loss": 2.7472962808609007, "loss_cls": 2.1191876888275147, "loss_bbox": 0.6281085956096649, "time": 0.10728623867034912, "epoch": 6, "iter": 60, "memory": 1416, "step": 60}
{"base_lr": 8.000000000000005e-05, "lr": 8.000000000000005e-05, "data_time": 0.012590560913085937, "loss": 2.7434350299835204, "loss_cls": 2.131785280704498, "loss_bbox": 0.6116497445106507, "time": 0.10455238342285156, "epoch": 6, "iter": 65, "memory": 1416, "step": 65}
{"coco/bbox_mAP": 0.19, "coco/bbox_mAP_50": 0.293, "coco/bbox_mAP_75": 0.229, "coco/bbox_mAP_s": -1.0, "coco/bbox_mAP_m": 0.241, "coco/bbox_mAP_l": 0.15, "data_time": 0.014031589031219482, "time": 0.05742889642715454, "step": 6}
{"base_lr": 8.000000000000005e-05, "lr": 8.000000000000005e-05, "data_time": 0.015073347091674804, "loss": 2.730019965171814, "loss_cls": 2.1315444612503054, "loss_bbox": 0.598475501537323, "time": 0.10728065490722656, "epoch": 7, "iter": 71, "memory": 1416, "step": 71}
{"base_lr": 8.000000000000005e-05, "lr": 8.000000000000005e-05, "data_time": 0.012777676582336426, "loss": 2.7120462703704833, "loss_cls": 2.1280829405784605, "loss_bbox": 0.5839633303880691, "time": 0.10484257698059082, "epoch": 7, "iter": 76, "memory": 1416, "step": 76}
{"coco/bbox_mAP": 0.205, "coco/bbox_mAP_50": 0.316, "coco/bbox_mAP_75": 0.241, "coco/bbox_mAP_s": -1.0, "coco/bbox_mAP_m": 0.248, "coco/bbox_mAP_l": 0.187, "data_time": 0.012477278709411621, "time": 0.05362379550933838, "step": 7}
{"base_lr": 8.000000000000005e-05, "lr": 8.000000000000005e-05, "data_time": 0.051256208419799804, "loss": 2.678074975013733, "loss_cls": 2.105920479297638, "loss_bbox": 0.572154501080513, "time": 0.14449825286865234, "epoch": 8, "iter": 82, "memory": 1416, "step": 82}
{"base_lr": 8.000000000000005e-05, "lr": 8.000000000000005e-05, "data_time": 0.04810017585754395, "loss": 2.6340332984924317, "loss_cls": 2.0741099953651427, "loss_bbox": 0.5599233120679855, "time": 0.1403803014755249, "epoch": 8, "iter": 87, "memory": 1416, "step": 87}
{"coco/bbox_mAP": 0.219, "coco/bbox_mAP_50": 0.333, "coco/bbox_mAP_75": 0.267, "coco/bbox_mAP_s": -1.0, "coco/bbox_mAP_m": 0.262, "coco/bbox_mAP_l": 0.233, "data_time": 0.012949168682098389, "time": 0.05246257781982422, "step": 8}
{"base_lr": 8.000000000000005e-05, "lr": 8.000000000000005e-05, "data_time": 0.05071136951446533, "loss": 2.564427418708801, "loss_cls": 2.0150475025177004, "loss_bbox": 0.5493799304962158, "time": 0.14297234535217285, "epoch": 9, "iter": 93, "memory": 1416, "step": 93}
{"base_lr": 8.000000000000005e-05, "lr": 8.000000000000005e-05, "data_time": 0.04819461345672607, "loss": 2.498569247722626, "loss_cls": 1.9609797930717467, "loss_bbox": 0.5375894606113434, "time": 0.13966633796691894, "epoch": 9, "iter": 98, "memory": 1416, "step": 98}
{"coco/bbox_mAP": 0.238, "coco/bbox_mAP_50": 0.353, "coco/bbox_mAP_75": 0.3, "coco/bbox_mAP_s": -1.0, "coco/bbox_mAP_m": 0.279, "coco/bbox_mAP_l": 0.33, "data_time": 0.01219034194946289, "time": 0.05167663097381592, "step": 9}
{"base_lr": 8.000000000000005e-05, "lr": 8.000000000000005e-05, "data_time": 0.0862098503112793, "loss": 2.415011234283447, "loss_cls": 1.889447283744812, "loss_bbox": 0.5255639547109604, "time": 0.17841120243072509, "epoch": 10, "iter": 104, "memory": 1416, "step": 104}
{"base_lr": 8.000000000000005e-05, "lr": 8.000000000000005e-05, "data_time": 0.08323397159576416, "loss": 2.3384075951576233, "loss_cls": 1.8241784214973449, "loss_bbox": 0.5142291790246963, "time": 0.17528161525726318, "epoch": 10, "iter": 109, "memory": 1416, "step": 109}
{"coco/bbox_mAP": 0.25, "coco/bbox_mAP_50": 0.369, "coco/bbox_mAP_75": 0.31, "coco/bbox_mAP_s": -1.0, "coco/bbox_mAP_m": 0.283, "coco/bbox_mAP_l": 0.508, "data_time": 0.012260675430297852, "time": 0.05553102493286133, "step": 10}
{"base_lr": 7.975230594324495e-05, "lr": 7.975230594324495e-05, "data_time": 0.13136973857879639, "loss": 2.234608943462372, "loss_cls": 1.7284109115600585, "loss_bbox": 0.5061980438232422, "time": 0.2234984827041626, "epoch": 11, "iter": 115, "memory": 1416,